Event id,Event name,Taxon,Type,Level-Placed
5,F_Amplexograptus latus,Amplexograptus latus,0,1000.0000
6,F_Amplexograptus longispinus,Amplexograptus longispinus,0,1000.0000
139,F_Rectograptus socialis,Rectograptus socialis,0,1000.0000
11,F_Appendispinograptus longispinus hvalross,Appendispinograptus longispinus hvalross,0,1028.5956
27,F_Dicellograptus complanatus,Dicellograptus complanatus,0,1028.5956
134,F_Pseudoclimacograptus chiai,Pseudoclimacograptus chiai,0,1028.5956
137,F_Rectograptus intermedius,Rectograptus intermedius,0,1028.5956
152,L_Amplexograptus longispinus,Amplexograptus longispinus,1,1028.5956
29,F_Dicellograptus complexus,Dicellograptus complexus,0,1038.5138
285,L_Rectograptus socialis,Rectograptus socialis,1,1042.0571
8,F_Anticostia uniformis,Anticostia uniformis,0,1043.6274
33,F_Dicellograptus ornatus,Dicellograptus ornatus,0,1043.6274
35,F_Dicellograptus tenuiculus,Dicellograptus tenuiculus,0,1043.6274
126,F_Paraorthograptus tenuis,Paraorthograptus tenuis,0,1043.6274
128,F_Paraplegmatograptus connectus,Paraplegmatograptus connectus,0,1043.6274
141,F_Rectograptus uniformis,Rectograptus uniformis,0,1043.6274
173,L_Dicellograptus complanatus,Dicellograptus complanatus,1,1043.6274
280,L_Pseudoclimacograptus chiai,Pseudoclimacograptus chiai,1,1043.6274
9,F_Appendispinograptus hubeiensis,Appendispinograptus hubeiensis,0,1045.9412
37,F_Dicellograptus turgidus,Dicellograptus turgidus,0,1045.9412
130,F_Pararetiograptus magnus,Pararetiograptus magnus,0,1045.9412
181,L_Dicellograptus tenuiculus,Dicellograptus tenuiculus,1,1045.9412
283,L_Rectograptus intermedius,Rectograptus intermedius,1,1045.9412
7,F_Anticostia fastigata,Anticostia fastigata,0,1050.0736
13,F_Appendispinograptus supernus,Appendispinograptus supernus,0,1070.7354
26,F_Dicellograptus anceps,Dicellograptus anceps,0,1070.7354
131,F_Pararetiograptus sinensis,Pararetiograptus sinensis,0,1070.7354
28,F_Dicellograptus complanatus arkansasensis,Dicellograptus complanatus arkansasensis,0,1134.7528
135,F_Rectograptus abbreviatus,Rectograptus abbreviatus,0,1134.7528
146,F_Yinograptus disjunctus,Yinograptus disjunctus,0,1156.0214
140,F_Rectograptus songtaoensis,Rectograptus songtaoensis,0,1160.0438
15,F_Appendispinograptus venustus,Appendispinograptus venustus,0,1162.6063
21,F_Climacograptus hastatus,Climacograptus hastatus,0,1162.6063
36,F_Dicellograptus tumidus,Dicellograptus tumidus,0,1162.6063
62,F_Leptograptus annectans amplectens,Leptograptus annectans amplectens,0,1162.6063
71,F_Metabolograptus guizhouensis,Metabolograptus guizhouensis,0,1162.6063
10,F_Appendispinograptus leptothecalis,Appendispinograptus leptothecalis,0,1170.6794
136,F_Rectograptus amplexicaulis,Rectograptus amplexicaulis,0,1170.6794
31,F_Dicellograptus minor,Dicellograptus minor,0,1171.6242
63,F_Leptograptus extremus,Leptograptus extremus,0,1174.4341
129,F_Paraplegmatograptus uniformis,Paraplegmatograptus uniformis,0,1174.4341
175,L_Dicellograptus complexus,Dicellograptus complexus,1,1175.0608
64,F_Leptograptus macer,Leptograptus macer,0,1176.3838
132,F_Pararetiograptus uniformis,Pararetiograptus uniformis,0,1176.3838
144,F_Tangyagraptus grandis,Tangyagraptus grandis,0,1176.3838
174,L_Dicellograptus complanatus arkansasensis,Dicellograptus complanatus arkansasensis,1,1176.3838
208,L_Leptograptus annectans amplectens,Leptograptus annectans amplectens,1,1176.3838
14,F_Appendispinograptus supernus sinicus,Appendispinograptus supernus sinicus,0,1184.3735
74,F_Metabolograptus parvulus,Metabolograptus parvulus,0,1184.3735
125,F_Paraorthograptus pacificus,Paraorthograptus pacificus,0,1184.3735
145,F_Tangyagraptus typicus,Tangyagraptus typicus,0,1184.3735
30,F_Dicellograptus graciliramosus,Dicellograptus graciliramosus,0,1187.2260
65,F_Leptograptus planus,Leptograptus planus,0,1187.2260
113,F_Orthograptus maximus,Orthograptus maximus,0,1187.2260
276,L_Pararetiograptus magnus,Pararetiograptus magnus,1,1187.2260
277,L_Pararetiograptus sinensis,Pararetiograptus sinensis,1,1187.2260
68,F_Metabolograptus daedalus,Metabolograptus daedalus,0,1197.2752
209,L_Leptograptus extremus,Leptograptus extremus,1,1197.2752
259,L_Orthograptus maximus,Orthograptus maximus,1,1197.2752
123,F_Paraorthograptus brevispinus,Paraorthograptus brevispinus,0,1201.0000
22,F_Climacograptus hastatus vesicicaulis,Climacograptus hastatus vesicicaulis,0,1202.2280
172,L_Dicellograptus anceps,Dicellograptus anceps,1,1202.2280
161,L_Appendispinograptus venustus,Appendispinograptus venustus,1,1202.6329
210,L_Leptograptus macer,Leptograptus macer,1,1203.7128
100,F_Normalograptus mohawkensis,Normalograptus mohawkensis,0,1204.5629
211,L_Leptograptus planus,Leptograptus planus,1,1204.5629
282,L_Rectograptus amplexicaulis,Rectograptus amplexicaulis,1,1204.5629
291,L_Tangyagraptus typicus,Tangyagraptus typicus,1,1205.3658
278,L_Pararetiograptus uniformis,Pararetiograptus uniformis,1,1207.4033
168,L_Climacograptus hastatus vesicicaulis,Climacograptus hastatus vesicicaulis,1,1209.2355
122,F_Paraorthograptus affinis,Paraorthograptus affinis,0,1211.7148
12,F_Appendispinograptus sinicus,Appendispinograptus sinicus,0,1212.1871
246,L_Normalograptus mohawkensis,Normalograptus mohawkensis,1,1212.1871
268,L_Paraorthograptus affinis,Paraorthograptus affinis,1,1212.1871
158,L_Appendispinograptus sinicus,Appendispinograptus sinicus,1,1212.8719
183,L_Dicellograptus turgidus,Dicellograptus turgidus,1,1212.8719
34,F_Dicellograptus planus,Dicellograptus planus,0,1216.5413
75,F_Metabolograptus persculptus,Metabolograptus persculptus,0,1216.5413
138,F_Rectograptus obesus,Rectograptus obesus,0,1216.5413
182,L_Dicellograptus tumidus,Dicellograptus tumidus,1,1216.5413
32,F_Dicellograptus mirabilis,Dicellograptus mirabilis,0,1219.1083
87,F_Normalograptus acutus,Normalograptus acutus,0,1219.1083
272,L_Paraorthograptus tenuis,Paraorthograptus tenuis,1,1222.8971
124,F_Paraorthograptus longispinus,Paraorthograptus longispinus,0,1224.4596
38,F_Diceratograptus mirus,Diceratograptus mirus,0,1225.1829
108,F_Normalograptus tatianae,Normalograptus tatianae,0,1227.0780
101,F_Normalograptus normalis,Normalograptus normalis,0,1230.6595
176,L_Dicellograptus graciliramosus,Dicellograptus graciliramosus,1,1230.6595
73,F_Metabolograptus ojsuensis,Metabolograptus ojsuensis,0,1231.0268
88,F_Normalograptus ajjeri,Normalograptus ajjeri,0,1231.0268
153,L_Anticostia fastigata,Anticostia fastigata,1,1231.0268
180,L_Dicellograptus planus,Dicellograptus planus,1,1231.0268
233,L_Normalograptus acutus,Normalograptus acutus,1,1231.0268
275,L_Paraplegmatograptus uniformis,Paraplegmatograptus uniformis,1,1231.0268
286,L_Rectograptus songtaoensis,Rectograptus songtaoensis,1,1231.0268
292,L_Yinograptus disjunctus,Yinograptus disjunctus,1,1231.0268
69,F_Metabolograptus extraordinarius,Metabolograptus extraordinarius,0,1235.0641
177,L_Dicellograptus minor,Dicellograptus minor,1,1235.4532
274,L_Paraplegmatograptus connectus,Paraplegmatograptus connectus,1,1237.4079
290,L_Tangyagraptus grandis,Tangyagraptus grandis,1,1237.4079
127,F_Paraorthograptus uniformis,Paraorthograptus uniformis,0,1237.5969
157,L_Appendispinograptus longispinus hvalross,Appendispinograptus longispinus hvalross,1,1237.5969
270,L_Paraorthograptus longispinus,Paraorthograptus longispinus,1,1237.5969
155,L_Appendispinograptus hubeiensis,Appendispinograptus hubeiensis,1,1237.9984
184,L_Diceratograptus mirus,Diceratograptus mirus,1,1237.9984
57,F_Korenograptus laciniosus,Korenograptus laciniosus,0,1239.2634
160,L_Appendispinograptus supernus sinicus,Appendispinograptus supernus sinicus,1,1239.2634
156,L_Appendispinograptus leptothecalis,Appendispinograptus leptothecalis,1,1239.6650
273,L_Paraorthograptus uniformis,Paraorthograptus uniformis,1,1239.9484
287,L_Rectograptus uniformis,Rectograptus uniformis,1,1244.0401
23,F_Climacograptus tubuliferus,Climacograptus tubuliferus,0,1245.9206
269,L_Paraorthograptus brevispinus,Paraorthograptus brevispinus,1,1245.9206
179,L_Dicellograptus ornatus,Dicellograptus ornatus,1,1246.3931
284,L_Rectograptus obesus,Rectograptus obesus,1,1251.8142
46,F_Hirsutograptus angustifolius,Hirsutograptus angustifolius,0,1255.3056
89,F_Normalograptus angustus,Normalograptus angustus,0,1255.3056
58,F_Korenograptus lungmaensis,Korenograptus lungmaensis,0,1255.9845
99,F_Normalograptus mirnyensis,Normalograptus mirnyensis,0,1255.9845
66,F_Metabolograptus avitus,Metabolograptus avitus,0,1256.3382
76,F_Metabolograptus rhizimus,Metabolograptus rhizimus,0,1256.6218
78,F_Metabolograptus wangjiawanensis,Metabolograptus wangjiawanensis,0,1256.6218
86,F_Neodiplograptus shanchongensis,Neodiplograptus shanchongensis,0,1256.6218
151,L_Amplexograptus latus,Amplexograptus latus,1,1256.6218
82,F_Neodiplograptus charis,Neodiplograptus charis,0,1257.3309
84,F_Neodiplograptus modestus,Neodiplograptus modestus,0,1258.5158
83,F_Neodiplograptus guantangyuanensis,Neodiplograptus guantangyuanensis,0,1258.8212
167,L_Climacograptus hastatus,Climacograptus hastatus,1,1258.8212
178,L_Dicellograptus mirabilis,Dicellograptus mirabilis,1,1258.8212
271,L_Paraorthograptus pacificus,Paraorthograptus pacificus,1,1258.8212
281,L_Rectograptus abbreviatus,Rectograptus abbreviatus,1,1258.8212
154,L_Anticostia uniformis,Anticostia uniformis,1,1260.8619
214,L_Metabolograptus daedalus,Metabolograptus daedalus,1,1260.8619
254,L_Normalograptus tatianae,Normalograptus tatianae,1,1260.8619
77,F_Metabolograptus rhizinus,Metabolograptus rhizinus,0,1261.3981
97,F_Normalograptus minor,Normalograptus minor,0,1261.3981
159,L_Appendispinograptus supernus,Appendispinograptus supernus,1,1261.3981
70,F_Metabolograptus extraordinarius variabilis,Metabolograptus extraordinarius variabilis,0,1262.6569
215,L_Metabolograptus extraordinarius,Metabolograptus extraordinarius,1,1265.8904
219,L_Metabolograptus ojsuensis,Metabolograptus ojsuensis,1,1265.8904
223,L_Metabolograptus rhizinus,Metabolograptus rhizinus,1,1266.1394
91,F_Normalograptus gracilis,Normalograptus gracilis,0,1268.1348
115,F_Paraclimacograptus jinyangensis,Paraclimacograptus jinyangensis,0,1269.2854
119,F_Paramplexograptus madernii,Paramplexograptus madernii,0,1269.2854
169,L_Climacograptus tubuliferus,Climacograptus tubuliferus,1,1269.2854
216,L_Metabolograptus extraordinarius variabilis,Metabolograptus extraordinarius variabilis,1,1269.2854
221,L_Metabolograptus persculptus,Metabolograptus persculptus,1,1269.2854
52,F_Hirsutograptus similaris,Hirsutograptus similaris,0,1269.5906
228,L_Neodiplograptus charis,Neodiplograptus charis,1,1269.5906
116,F_Parakidograptus acuminatus,Parakidograptus acuminatus,0,1271.3823
2,F_Akidograptus ascensus,Akidograptus ascensus,0,1271.4928
111,F_Normalograptus wangjiawanensis,Normalograptus wangjiawanensis,0,1274.1790
142,F_Sudburigraptus angustifolius,Sudburigraptus angustifolius,0,1275.9517
67,F_Metabolograptus bicaudatus,Metabolograptus bicaudatus,0,1277.0206
261,L_Paraclimacograptus jinyangensis,Paraclimacograptus jinyangensis,1,1278.5476
257,L_Normalograptus wangjiawanensis,Normalograptus wangjiawanensis,1,1279.8908
104,F_Normalograptus rectangularis,Normalograptus rectangularis,0,1281.0393
85,F_Neodiplograptus parajanus,Neodiplograptus parajanus,0,1282.9011
96,F_Normalograptus medius,Normalograptus medius,0,1283.1406
118,F_Paramplexograptus kiliani,Paramplexograptus kiliani,0,1283.1406
106,F_Normalograptus subtilis,Normalograptus subtilis,0,1283.6921
102,F_Normalograptus premedius,Normalograptus premedius,0,1285.1626
120,F_Paramplexograptus paucispinus,Paramplexograptus paucispinus,0,1285.1626
232,L_Neodiplograptus shanchongensis,Neodiplograptus shanchongensis,1,1285.1626
243,L_Normalograptus minor,Normalograptus minor,1,1285.1626
43,F_Dimorphograptus malayensis,Dimorphograptus malayensis,0,1285.5006
90,F_Normalograptus anjiensis,Normalograptus anjiensis,0,1285.5006
49,F_Hirsutograptus jinyangensis,Hirsutograptus jinyangensis,0,1287.8969
117,F_Parakidograptus praematurus,Parakidograptus praematurus,0,1287.8969
56,F_Korenograptus jerini,Korenograptus jerini,0,1288.1785
143,F_Sudburigraptus robustus,Sudburigraptus robustus,0,1288.1785
18,F_Atavograptus primitivus,Atavograptus primitivus,0,1288.5165
93,F_Normalograptus jiangxiensis,Normalograptus jiangxiensis,0,1288.5165
94,F_Normalograptus lubricus,Normalograptus lubricus,0,1288.5165
48,F_Hirsutograptus jideliensis,Hirsutograptus jideliensis,0,1289.1364
107,F_Normalograptus targuii,Normalograptus targuii,0,1289.7738
55,F_Hirsutograptus tuberculatus,Hirsutograptus tuberculatus,0,1290.1479
59,F_Korenograptus pseudotamariscus,Korenograptus pseudotamariscus,0,1294.4065
264,L_Paramplexograptus kiliani,Paramplexograptus kiliani,1,1294.4849
4,F_Akidograptus giganteus,Akidograptus giganteus,0,1295.7618
41,F_Dimorphograptus confertus nankingensis,Dimorphograptus confertus nankingensis,0,1295.7618
60,F_Korenograptus zhui,Korenograptus zhui,0,1295.7618
110,F_Normalograptus trifilis,Normalograptus trifilis,0,1295.7618
121,F_Paramplexograptus wuningensis,Paramplexograptus wuningensis,0,1295.7618
114,F_Paraclimacograptus innotatus,Paraclimacograptus innotatus,0,1297.0459
201,L_Hirsutograptus tuberculatus,Hirsutograptus tuberculatus,1,1297.1164
206,L_Korenograptus zhui,Korenograptus zhui,1,1297.1164
229,L_Neodiplograptus guantangyuanensis,Neodiplograptus guantangyuanensis,1,1297.1164
79,F_Metaclimacograptus pictus,Metaclimacograptus pictus,0,1299.6559
288,L_Sudburigraptus angustifolius,Sudburigraptus angustifolius,1,1299.6559
212,L_Metabolograptus avitus,Metabolograptus avitus,1,1301.8153
263,L_Parakidograptus praematurus,Parakidograptus praematurus,1,1303.8148
72,F_Metabolograptus nanjingensis,Metabolograptus nanjingensis,0,1304.0542
164,L_Atavograptus primitivus,Atavograptus primitivus,1,1304.5766
42,F_Dimorphograptus longicaudatus,Dimorphograptus longicaudatus,0,1305.3462
256,L_Normalograptus trifilis,Normalograptus trifilis,1,1305.3462
3,F_Akidograptus cuneatus,Akidograptus cuneatus,0,1305.4959
92,F_Normalograptus imperfectus,Normalograptus imperfectus,0,1305.4959
17,F_Atavograptus gracilis,Atavograptus gracilis,0,1305.7449
54,F_Hirsutograptus tenuis,Hirsutograptus tenuis,0,1305.7449
53,F_Hirsutograptus sinitzini,Hirsutograptus sinitzini,0,1308.3876
266,L_Paramplexograptus paucispinus,Paramplexograptus paucispinus,1,1308.9007
200,L_Hirsutograptus tenuis,Hirsutograptus tenuis,1,1309.1495
47,F_Hirsutograptus comantis,Hirsutograptus comantis,0,1309.9349
50,F_Hirsutograptus longus,Hirsutograptus longus,0,1309.9349
220,L_Metabolograptus parvulus,Metabolograptus parvulus,1,1309.9349
222,L_Metabolograptus rhizimus,Metabolograptus rhizimus,1,1309.9349
150,L_Akidograptus giganteus,Akidograptus giganteus,1,1310.3277
238,L_Normalograptus imperfectus,Normalograptus imperfectus,1,1310.3277
81,F_Neodiplograptus anhuiensis,Neodiplograptus anhuiensis,0,1310.7639
195,L_Hirsutograptus jinyangensis,Hirsutograptus jinyangensis,1,1311.6522
25,F_Cystograptus vesiculosus,Cystograptus vesiculosus,0,1312.3121
265,L_Paramplexograptus madernii,Paramplexograptus madernii,1,1312.3121
109,F_Normalograptus tortithecatus,Normalograptus tortithecatus,0,1312.9456
133,F_Pseudoclimacograptus (Metaclimacograptus) robustus,Pseudoclimacograptus (Metaclimacograptus) robustus,0,1312.9456
194,L_Hirsutograptus jideliensis,Hirsutograptus jideliensis,1,1312.9456
213,L_Metabolograptus bicaudatus,Metabolograptus bicaudatus,1,1314.2054
112,F_Orthograptus lingulatus,Orthograptus lingulatus,0,1314.9798
205,L_Korenograptus pseudotamariscus,Korenograptus pseudotamariscus,1,1314.9798
163,L_Atavograptus gracilis,Atavograptus gracilis,1,1315.2553
189,L_Dimorphograptus malayensis,Dimorphograptus malayensis,1,1315.2553
192,L_Hirsutograptus angustifolius,Hirsutograptus angustifolius,1,1315.2553
258,L_Orthograptus lingulatus,Orthograptus lingulatus,1,1315.2553
196,L_Hirsutograptus longus,Hirsutograptus longus,1,1315.4221
51,F_Hirsutograptus robustus,Hirsutograptus robustus,0,1316.0366
39,F_Dictyonema cucurbitinum,Dictyonema cucurbitinum,0,1316.8421
236,L_Normalograptus anjiensis,Normalograptus anjiensis,1,1317.5039
148,L_Akidograptus ascensus,Akidograptus ascensus,1,1320.7403
16,F_Atavograptus atavus,Atavograptus atavus,0,1321.1160
24,F_Cystograptus ancestralis,Cystograptus ancestralis,0,1321.1160
279,L_Pseudoclimacograptus (Metaclimacograptus) robustus,Pseudoclimacograptus (Metaclimacograptus) robustus,1,1321.1160
262,L_Parakidograptus acuminatus,Parakidograptus acuminatus,1,1327.1733
235,L_Normalograptus angustus,Normalograptus angustus,1,1328.6740
252,L_Normalograptus subtilis,Normalograptus subtilis,1,1328.6740
218,L_Metabolograptus nanjingensis,Metabolograptus nanjingensis,1,1329.5818
45,F_Glyptograptus tangshanensis,Glyptograptus tangshanensis,0,1344.1389
260,L_Paraclimacograptus innotatus,Paraclimacograptus innotatus,1,1344.1389
231,L_Neodiplograptus parajanus,Neodiplograptus parajanus,1,1350.4212
170,L_Cystograptus ancestralis,Cystograptus ancestralis,1,1351.2720
239,L_Normalograptus jiangxiensis,Normalograptus jiangxiensis,1,1352.1284
20,F_Atavograptus tenellus,Atavograptus tenellus,0,1353.9112
289,L_Sudburigraptus robustus,Sudburigraptus robustus,1,1353.9112
188,L_Dimorphograptus longicaudatus,Dimorphograptus longicaudatus,1,1354.9647
227,L_Neodiplograptus anhuiensis,Neodiplograptus anhuiensis,1,1354.9647
253,L_Normalograptus targuii,Normalograptus targuii,1,1355.7748
197,L_Hirsutograptus robustus,Hirsutograptus robustus,1,1360.6412
240,L_Normalograptus lubricus,Normalograptus lubricus,1,1360.6412
267,L_Paramplexograptus wuningensis,Paramplexograptus wuningensis,1,1360.6412
40,F_Dimorphograptus confertus,Dimorphograptus confertus,0,1362.5321
103,F_Normalograptus pseudonormalis,Normalograptus pseudonormalis,0,1362.5321
149,L_Akidograptus cuneatus,Akidograptus cuneatus,1,1362.5321
217,L_Metabolograptus guizhouensis,Metabolograptus guizhouensis,1,1362.5321
225,L_Metaclimacograptus pictus,Metaclimacograptus pictus,1,1362.5321
242,L_Normalograptus medius,Normalograptus medius,1,1362.5321
186,L_Dimorphograptus confertus,Dimorphograptus confertus,1,1364.4229
193,L_Hirsutograptus comantis,Hirsutograptus comantis,1,1364.4229
198,L_Hirsutograptus similaris,Hirsutograptus similaris,1,1364.4229
224,L_Metabolograptus wangjiawanensis,Metabolograptus wangjiawanensis,1,1364.4229
202,L_Korenograptus jerini,Korenograptus jerini,1,1366.1135
245,L_Normalograptus mirnyensis,Normalograptus mirnyensis,1,1368.2658
199,L_Hirsutograptus sinitzini,Hirsutograptus sinitzini,1,1371.6449
204,L_Korenograptus lungmaensis,Korenograptus lungmaensis,1,1373.3355
230,L_Neodiplograptus modestus,Neodiplograptus modestus,1,1384.1332
61,F_Lagarograptus acinaces,Lagarograptus acinaces,0,1396.6252
171,L_Cystograptus vesiculosus,Cystograptus vesiculosus,1,1396.6252
187,L_Dimorphograptus confertus nankingensis,Dimorphograptus confertus nankingensis,1,1396.6252
1,F_Agetograptus secundus,Agetograptus secundus,0,1400.8534
19,F_Atavograptus strachani,Atavograptus strachani,0,1400.8534
105,F_Normalograptus sinuatus,Normalograptus sinuatus,0,1400.8534
185,L_Dictyonema cucurbitinum,Dictyonema cucurbitinum,1,1400.8534
249,L_Normalograptus pseudonormalis,Normalograptus pseudonormalis,1,1400.8534
95,F_Normalograptus lunata,Normalograptus lunata,0,1403.1596
247,L_Normalograptus normalis,Normalograptus normalis,1,1403.1596
203,L_Korenograptus laciniosus,Korenograptus laciniosus,1,1405.4116
98,F_Normalograptus minutus,Normalograptus minutus,0,1408.7177
165,L_Atavograptus strachani,Atavograptus strachani,1,1408.7177
166,L_Atavograptus tenellus,Atavograptus tenellus,1,1408.7177
191,L_Glyptograptus tangshanensis,Glyptograptus tangshanensis,1,1408.7177
234,L_Normalograptus ajjeri,Normalograptus ajjeri,1,1408.7177
241,L_Normalograptus lunata,Normalograptus lunata,1,1408.7177
44,F_Glyptograptus tamariscus linearis,Glyptograptus tamariscus linearis,0,1412.1060
80,F_Monoclimacis lunata,Monoclimacis lunata,0,1412.1060
237,L_Normalograptus gracilis,Normalograptus gracilis,1,1412.1060
250,L_Normalograptus rectangularis,Normalograptus rectangularis,1,1412.1060
162,L_Atavograptus atavus,Atavograptus atavus,1,1414.2549
190,L_Glyptograptus tamariscus linearis,Glyptograptus tamariscus linearis,1,1414.2549
207,L_Lagarograptus acinaces,Lagarograptus acinaces,1,1414.2549
226,L_Monoclimacis lunata,Monoclimacis lunata,1,1414.2549
255,L_Normalograptus tortithecatus,Normalograptus tortithecatus,1,1414.2549
147,L_Agetograptus secundus,Agetograptus secundus,1,1444.1782
244,L_Normalograptus minutus,Normalograptus minutus,1,1444.1782
248,L_Normalograptus premedius,Normalograptus premedius,1,1444.1782
251,L_Normalograptus sinuatus,Normalograptus sinuatus,1,1444.1782
